Name,Chinese,Maths,English,Avg
Wang,82,99,96,92.33333333333333
Fang,93,88,90,90.33333333333333
Chen,88,87,85,86.66666666666667
